<?xml version="1.0" encoding="UTF-8"?>
<project-private xmlns="http://www.netbeans.org/ns/project-private/1">
    <editor-bookmarks xmlns="http://www.netbeans.org/ns/editor-bookmarks/2" lastBookmarkId="0"/>
    <open-files xmlns="http://www.netbeans.org/ns/projectui-open-files/2">
        <group>
            <file>file:/Users/nc/NetBeansProjects/JavaApplication1/src/javaapplication1/UserDashBoard1.java</file>
            <file>file:/Users/nc/NetBeansProjects/JavaApplication1/src/javaapplication1/Order.java</file>
            <file>file:/Users/nc/NetBeansProjects/JavaApplication1/src/javaapplication1/Category.java</file>
            <file>file:/Users/nc/NetBeansProjects/JavaApplication1/src/javaapplication1/UserDB.java</file>
            <file>file:/Users/nc/NetBeansProjects/JavaApplication1/src/javaapplication1/CreateCategory.java</file>
            <file>file:/Users/nc/NetBeansProjects/JavaApplication1/src/javaapplication1/IndexItem.java</file>
            <file>file:/Users/nc/NetBeansProjects/JavaApplication1/src/javaapplication1/Database.java</file>
            <file>file:/Users/nc/NetBeansProjects/JavaApplication1/src/javaapplication1/CreateItem.java</file>
        </group>
    </open-files>
</project-private>
